{
    "Best_Cascode_LNA_Design": {
        "Selection_Score_LowerIsBetter": 1999999995.9721518,
        "Spec_Targets": {
            "Design_freq": 60000000000.0,
            "NF_max_dB": 4.0,
            "Gain_min_dB": 10.0,
            "BW_min_Hz": 2000000000.0,
            "S11_max_dB": -10.0,
            "Power_max_mW": 4.0
        },
        "Design_Parameters": {
            "Design_ID": "A",
            "Input_Resistance_Ohms": 50.0,
            "CASMOS_Size": "16*1um/60nm",
            "Noise_Figure_dB": 3.9410263555,
            "Gain_dB": 9.2209644133,
            "S11_dB": -12.2921301098,
            "Bandwidth_Hz": 1935046054.0992887,
            "Bandwidth_GHz": 1.9350460541,
            "Input_TLine_Impedance_Ohms": 18.0,
            "Input_TLine_Length": 0.0277918671,
            "GATE_IND_L": 248.2034761728,
            "GATE_IND_Q": 20.8881469665,
            "GATE_IND_SRF": 91.8803685091,
            "GATE_IND_GEOM": "[15.     3.     3.875  2.   ]",
            "DRAIN_IND_L": 63.5876946493,
            "DRAIN_IND_Q": 37.4337350857,
            "DRAIN_IND_SRF": 168.2709685816,
            "DRAIN_IND_GEOM": "[15.    7.    2.75  1.  ]",
            "SOURCE_IND_L": 60.0217754068,
            "SOURCE_IND_Q": 15.0,
            "SOURCE_IND_SRF": 0.0,
            "SOURCE_IND_GEOM": "[0, 0, 0, 0]",
            "DC_Power_mW": "2.56mW",
            "DC_Power_numeric_mW": 2.56,
            "Selection_Score": 1999999995.9721518,
            "CPWD_Length": 60.33,
            "CPWD_Width": 9.475,
            "CPWD_Gap": 3.917,
            "CLoad": 0.0,
            "Inter_ind_L": 0.0,
            "Inter_ind_Q": 0.0,
            "Inter_ind_SRF": 0.0,
            "Inter_cap": 0.0
        }
    }
}